date,close,nav,premium_pct
2023-04-25,1.123,1.1073,1.4178632710196037
2023-04-26,1.122,1.1147,0.6548847223468268
2023-04-27,1.125,1.1462,-1.8495899493980228
2023-04-28,1.144,1.1534,-0.8149817929599457
2023-05-04,1.137,1.1288,0.7264351523742052
2023-05-05,1.133,1.1527,-1.7090309707642914
2023-05-08,1.152,1.1557,-0.320152288656228
2023-05-09,1.152,1.1499,0.1826245760500944
2023-05-10,1.152,1.163,-0.9458297506448998
2023-05-11,1.165,1.1685,-0.2995293110825914
2023-05-12,1.172,1.166,0.5145797598627766
2023-05-15,1.169,1.1726,-0.3070100631076267
2023-05-16,1.174,1.1759,-0.16157836550727556
2023-05-17,1.182,1.1973,-1.2778752192433074
2023-05-18,1.201,1.2236,-1.847008826413854
2023-05-19,1.23,1.2197,0.8444699516274579
2023-05-22,1.225,1.2247,0.024495794888568234
2023-05-23,1.233,1.2129,1.6571852584714275
2023-05-24,1.215,1.2071,0.6544611051279903
2023-05-25,1.233,1.2397,-0.540453335484381
2023-05-26,1.241,1.2674,-2.083004576297931
2023-05-29,1.283,1.2727,0.8093030564940706
2023-05-30,1.291,1.2806,0.8121193190691933
2023-05-31,1.287,1.2748,0.9570128647631071
2023-06-01,1.286,1.2941,-0.6259176261494526
2023-06-02,1.3,1.2946,0.4171172562953851
2023-06-05,1.307,1.3036,0.2608162012887272
2023-06-06,1.31,1.3039,0.46782728736867174
2023-06-07,1.311,1.282,2.262090483619339
2023-06-08,1.282,1.299,-1.3086989992301734
2023-06-09,1.3,1.3014,-0.10757645612415878
2023-06-12,1.317,1.328,-0.8283132530120585
2023-06-13,1.348,1.3399,0.6045227255765395
2023-06-14,1.353,1.3514,0.11839573775345169
2023-06-15,1.363,1.3661,-0.22692335846571376
2023-06-16,1.373,1.3513,1.6058610227188685
2023-06-19,1.372,1.3574,1.0755856785030327
2023-06-20,1.371,1.3592,0.8681577398469642
2023-06-21,1.384,1.345,2.899628252788089
2023-06-26,1.36,1.3364,1.7659383418138441
2023-06-27,1.342,1.3549,-0.9520997859620572
2023-06-28,1.363,1.3616,0.10282021151586385
2023-06-29,1.373,1.3599,0.9633061254503916
2023-06-30,1.373,1.3857,-0.9165042938586998
2023-07-03,1.397,1.387,0.7209805335256059
2023-07-04,1.394,1.3788,1.102407890919621
2023-07-05,1.391,1.3846,0.462227358081746
2023-07-06,1.392,1.3752,1.2216404886561838
2023-07-07,1.385,1.3695,1.1317999269806478
2023-07-10,1.371,1.3682,0.2046484432100426
2023-07-11,1.379,1.3693,0.7083911487621553
2023-07-12,1.376,1.3835,-0.5421033610408466
2023-07-13,1.4,1.4015,-0.1070281840884757
2023-07-14,1.403,1.3964,0.47264394156401046
2023-07-17,1.411,1.4167,-0.402343474271194
2023-07-18,1.43,1.4285,0.10500525026249097
2023-07-19,1.458,1.4359,1.5391043944564364
2023-07-20,1.445,1.3972,3.4211279702261788
2023-07-21,1.419,1.3914,1.9836136265631854
2023-07-24,1.425,1.3984,1.9021739130434812
2023-07-25,1.426,1.3967,2.0978019617670096
2023-07-26,1.426,1.3923,2.4204553616318236
2023-07-27,1.452,1.387,4.6863734679163604
2023-07-28,1.443,1.4176,1.791760722347635
2023-07-31,1.446,1.4152,2.1763708309779473
2023-08-01,1.444,1.4152,2.0350480497456136
2023-08-02,1.42,1.3874,2.3497188986593587
2023-08-03,1.395,1.3869,0.5840363400389403
2023-08-04,1.406,1.3783,2.0097221214539607
2023-08-07,1.391,1.3922,-0.08619451228272235
2023-08-08,1.393,1.3841,0.6430171230402459
2023-08-09,1.393,1.366,1.9765739385065872
2023-08-10,1.378,1.3707,0.5325745969212647
2023-08-11,1.378,1.3665,0.8415660446395856
2023-08-14,1.37,1.386,-1.1544011544011412
2023-08-15,1.401,1.3766,1.772482928955399
2023-08-16,1.389,1.3628,1.9225124743175837
2023-08-17,1.374,1.3514,1.6723397957673747
2023-08-18,1.348,1.3457,0.17091476554953466
2023-08-21,1.351,1.372,-1.5306122448979664
2023-08-22,1.373,1.3656,0.5418863503222182
2023-08-23,1.377,1.3878,-0.7782101167315147
2023-08-24,1.415,1.3558,4.366425726508338
2023-08-25,1.358,1.3685,-0.7672634271099765
2023-08-28,1.374,1.3798,-0.42035077547468713
2023-08-29,1.383,1.4086,-1.8174073548203884
2023-08-30,1.412,1.4169,-0.34582539346461605
2023-08-31,1.417,1.4201,-0.21829448630377168
2023-09-01,1.413,1.4136,-0.04244482173174635
2023-09-04,1.417,1.4154,0.11304224954076236
2023-09-05,1.419,1.4226,-0.2530577815267887
2023-09-06,1.425,1.412,0.9206798866855603
2023-09-07,1.41,1.4049,0.36301516122143607
2023-09-08,1.418,1.4104,0.5388542257515505
2023-09-11,1.41,1.4166,-0.4659042778483835
2023-09-12,1.419,1.4015,1.248662147698898
2023-09-13,1.402,1.4045,-0.17799928800286136
2023-09-14,1.413,1.4147,-0.1201668198204553
2023-09-15,1.422,1.388,2.449567723342949
2023-09-18,1.396,1.3946,0.10038720780150001
2023-09-19,1.394,1.3923,0.12210012210009946
2023-09-20,1.391,1.3728,1.325757575757569
2023-09-21,1.366,1.3483,1.3127642216123947
2023-09-22,1.355,1.3483,0.49692204998887934
2023-09-25,1.356,1.3564,-0.029489826010020703
2023-09-26,1.346,1.3361,0.7409625028066857
2023-09-27,1.339,1.3385,0.037355248412396236
2023-09-28,1.34,1.3489,-0.6597968715249425
2023-10-09,1.36,1.379,-1.377810007251623
2023-10-10,1.381,1.3866,-0.40386557046012683
2023-10-11,1.389,1.3973,-0.5940027195305175
2023-10-12,1.402,1.3922,0.7039218503088529
2023-10-13,1.393,1.3762,1.2207527975584886
2023-10-16,1.38,1.3932,-0.9474590869939736
2023-10-17,1.388,1.3891,-0.07918796342956114
2023-10-18,1.382,1.3689,0.9569727518445426
2023-10-19,1.364,1.3582,0.4270357826535065
2023-10-20,1.351,1.338,0.9715994020926599
2023-10-23,1.339,1.342,-0.22354694485843263
2023-10-24,1.35,1.3528,-0.20697811945593614
2023-10-25,1.346,1.3211,1.8847929755506865
2023-10-26,1.304,1.2966,0.5707234305105668
2023-10-27,1.307,1.3029,0.31468263105380867
2023-10-30,1.312,1.3173,-0.40233811584300394
2023-10-31,1.309,1.3241,-1.1403972509629212
2023-11-01,1.326,1.3477,-1.6101506269941224
2023-11-02,1.357,1.3711,-1.0283713806432782
2023-11-03,1.369,1.3868,-1.2835304297663663
2023-11-06,1.384,1.3855,-0.10826416456153343
2023-11-07,1.38,1.3989,-1.3510615483594335
2023-11-08,1.393,1.3994,-0.4573388595112138
2023-11-09,1.399,1.3894,0.690945731970638
2023-11-10,1.386,1.4221,-2.5384994022923824
2023-11-13,1.416,1.4182,-0.1551262163305589
2023-11-14,1.42,1.4484,-1.9607843137254943
2023-11-15,1.447,1.4384,0.5978865406006895
2023-11-16,1.439,1.4431,-0.2841105952463452
2023-11-17,1.442,1.4415,0.03468609087755592
2023-11-20,1.423,1.445,-1.52249134948097
2023-11-21,1.437,1.4275,0.6654991243432606
2023-11-22,1.426,1.436,-0.696378830083566
2023-11-23,1.434,1.4343,-0.02091612633340345
2023-11-24,1.436,1.4359,0.006964273278087241
2023-11-27,1.429,1.4338,-0.33477472450829104
2023-11-28,1.432,1.4383,-0.43801710352499024
2023-11-29,1.434,1.4305,0.24466969591050436
2023-11-30,1.434,1.4285,0.3850192509625261
2023-12-01,1.428,1.4358,-0.54325114918512
2023-12-04,1.429,1.4201,0.6267164284205373
2023-12-05,1.413,1.4253,-0.862976215533573
2023-12-06,1.433,1.4192,0.9723788049605497
2023-12-07,1.417,1.44,-1.5972222222222165
2023-12-08,1.44,1.4464,-0.4424778761061954
2023-12-11,1.449,1.4633,-0.9772432173853596
2023-12-12,1.467,1.4739,-0.4681457358029606
2023-12-13,1.481,1.4943,-0.890048852305414
2023-12-14,1.5,1.4825,1.180438448566612
2023-12-15,1.482,1.4836,-0.10784578053384397
2023-12-18,1.495,1.4982,-0.21358964090241184
2023-12-19,1.507,1.5089,-0.12591954403869954
2023-12-20,1.516,1.4834,2.1976540380207688
2023-12-21,1.495,1.5037,-0.5785728536277124
2023-12-22,1.501,1.5051,-0.2724071490266544
2023-12-25,1.501,1.5035,-0.16627868307284022
2023-12-26,1.515,1.5146,0.02640961309916534
2023-12-27,1.519,1.5166,0.15824871422920328
2023-12-28,1.514,1.5076,0.42451578668081247
2023-12-29,1.507,1.499,0.5336891260840471
2024-01-02,1.505,1.4815,1.586230172122849
2024-01-03,1.48,1.4689,0.7556675062972307
2024-01-04,1.473,1.4622,0.7386130488305387
2024-01-05,1.464,1.4667,-0.1840867253016909
2024-01-08,1.465,1.4967,-2.117992917752376
2024-01-09,1.504,1.4991,0.32686278433726734
2024-01-10,1.506,1.5124,-0.4231684739486874
2024-01-11,1.529,1.5128,1.070861977789539
2024-01-12,1.523,1.5141,0.5878079387094504
2024-01-15,1.533,1.5163,1.1013651652047596
2024-01-16,1.517,1.5178,-0.05270786664910432
2024-01-17,1.513,1.512,0.0661375661375585
2024-01-18,1.522,1.5342,-0.7952027115108895
2024-01-19,1.555,1.5634,-0.5372905206600942
2024-01-22,1.609,1.5653,2.791797099597515
2024-01-23,1.59,1.5665,1.5001595914458932
2024-01-24,1.595,1.5746,1.295567128159525
2024-01-25,1.584,1.575,0.5714285714285783
2024-01-26,1.573,1.5701,0.18470161136232566
2024-01-29,1.586,1.5855,0.031535793125203604
2024-01-30,1.616,1.5743,2.64879629041479
2024-01-31,1.58,1.5444,2.3051023051023023
2024-02-01,1.56,1.5637,-0.23661827716313644
2024-02-02,1.602,1.5898,0.767392124795574
2024-02-05,1.608,1.5909,1.0748632849330697
2024-02-06,1.612,1.5861,1.6329361326524294
2024-02-07,1.602,1.6024,-0.024962556165752936
2024-02-08,1.638,1.606,1.992528019925266
2024-02-19,1.628,1.5978,1.8900988859681833
2024-02-20,1.622,1.5853,2.3150192392607183
2024-02-21,1.602,1.5767,1.604617238536199
2024-02-22,1.634,1.6249,0.5600344636592869
2024-02-23,1.654,1.6206,2.06096507466369
2024-02-26,1.638,1.6202,1.0986297987902516
2024-02-27,1.637,1.6236,0.8253264350825296
2024-02-28,1.643,1.6151,1.7274472168905985
2024-02-29,1.633,1.6296,0.2086401570937646
2024-03-01,1.657,1.654,0.18137847642081262
2024-03-04,1.685,1.6472,2.2948033025740777
2024-03-05,1.671,1.6175,3.307573415765086
2024-03-06,1.67,1.6283,2.560953141313016
2024-03-07,1.667,1.6536,0.8103531688437471
2024-03-08,1.69,1.6261,3.929647623147403
2024-03-11,1.666,1.6184,2.941176470588225
2024-03-12,1.666,1.6408,1.5358361774743923
2024-03-13,1.676,1.6313,2.740145895911228
2024-03-14,1.678,1.6265,3.1663080233630403
2024-03-15,1.666,1.6086,3.5683202785030455
2024-03-18,1.664,1.6249,2.4063019262723806
2024-03-19,1.655,1.6293,1.5773645123672742
2024-03-20,1.661,1.6483,0.7704908087120099
2024-03-21,1.688,1.6556,1.9569944431022002
2024-03-22,1.686,1.6636,1.3464775186342814
2024-03-25,1.681,1.6532,1.6815872247762043
2024-03-26,1.69,1.65,2.4242424242424176
2024-03-27,1.69,1.6585,1.8993066023515137
2024-03-28,1.689,1.6556,2.017395506160913
2024-03-29,1.687,1.6551,1.927375989366209
2024-04-01,1.702,1.6598,2.542474996987587
2024-04-02,1.695,1.6455,3.008204193254338
2024-04-03,1.684,1.6492,2.1101139946640757
2024-04-08,1.685,1.6431,2.550057817540008
2024-04-09,1.685,1.6494,2.1583606159815805
2024-04-10,1.687,1.6348,3.193051137753855
2024-04-11,1.665,1.6625,0.15037593984961184
2024-04-12,1.694,1.635,3.6085626911315005
2024-04-15,1.683,1.6082,4.651162790697683
2024-04-16,1.631,1.609,1.3673088875077788
2024-04-17,1.628,1.5886,2.4801712199420844
2024-04-18,1.623,1.5798,2.7345233573869976
2024-04-19,1.593,1.5476,2.933574567071595
2024-04-22,1.585,1.5638,1.3556720808287404
2024-04-23,1.59,1.5881,0.11963982116995897
2024-04-24,1.635,1.593,2.6365348399246757
2024-04-25,1.604,1.5846,1.224283730910014
2024-04-26,1.628,1.6104,1.092896174863367
2024-04-29,1.636,1.6163,1.2188331374126005
2024-04-30,1.638,1.5842,3.396035854058832
2024-05-06,1.638,1.6372,0.0488639139994973
2024-05-07,1.651,1.6371,0.8490623663795827
2024-05-08,1.652,1.6389,0.7993166148026143
2024-05-09,1.649,1.6415,0.45689917758149345
2024-05-10,1.657,1.6458,0.6805201117997317
2024-05-13,1.667,1.6513,0.9507660631018044
2024-05-14,1.672,1.6632,0.5291005291005346
2024-05-15,1.685,1.685,0.0
2024-05-16,1.713,1.6804,1.94001428231374
2024-05-17,1.709,1.6804,1.7019757200666508
2024-05-20,1.71,1.6942,0.9325935544799879
2024-05-21,1.721,1.6994,1.271036836530537
2024-05-22,1.731,1.6988,1.8954556157287472
2024-05-23,1.752,1.6925,3.515509601181699
2024-05-24,1.717,1.7093,0.45047680336980367
2024-05-27,1.742,1.7092,1.9190264451205197
2024-05-28,1.748,1.7153,1.906372063195949
2024-05-29,1.738,1.7036,2.0192533458558426
2024-05-30,1.717,1.685,1.8991097922848699
2024-05-31,1.713,1.6841,1.7160501157888586
2024-06-03,1.72,1.6906,1.7390275641783859
2024-06-04,1.716,1.6954,1.215052494986435
2024-06-05,1.729,1.73,-0.05780346820808413
2024-06-06,1.761,1.729,1.8507807981491986
2024-06-07,1.767,1.7265,2.3457862728062606
2024-06-11,1.766,1.7481,1.0239688804988267
2024-06-12,1.787,1.7711,0.8977471627801936
2024-06-13,1.82,1.7808,2.2012578616352307
2024-06-14,1.818,1.7896,1.5869468037550183
2024-06-17,1.83,1.8116,1.0156767498344044
2024-06-18,1.864,1.8122,2.8584041496523493
2024-06-19,1.858,1.8124,2.5160008828073233
2024-06-20,1.878,1.7989,4.397131580410241
2024-06-21,1.851,1.7943,3.1600066878448407
2024-06-24,1.848,1.7741,4.165492362324574
2024-06-25,1.824,1.7949,1.6212602373391283
2024-06-26,1.86,1.8003,3.316113981003177
2024-06-27,1.87,1.8043,3.641301335698066
2024-06-28,1.899,1.794,5.852842809364556
2024-07-01,1.894,1.8061,4.866840152815444
2024-07-02,1.901,1.8252,4.152969537584927
2024-07-03,1.936,1.8417,5.120269316392467
2024-07-04,1.932,1.841,4.94296577946769
2024-07-05,1.955,1.8589,5.169724030340528
2024-07-08,2.006,1.8637,7.63534903686216
2024-07-09,2.039,1.8654,9.306314999463927
2024-07-10,2.022,1.8868,7.165571337714627
2024-07-11,2.021,1.8431,9.652216374586287
2024-07-12,1.919,1.8512,3.662489196197072
2024-07-15,1.999,1.8571,7.640945560282164
2024-07-16,1.999,1.8587,7.548286436756868
2024-07-17,1.969,1.804,9.146341463414643
2024-07-18,1.94,1.7935,8.168385837747415
2024-07-19,1.895,1.7791,6.514529818447534
2024-07-22,1.87,1.8079,3.4349244980363958
2024-07-23,1.895,1.8017,5.178442582005882
2024-07-24,1.852,1.7361,6.675882725649451
2024-07-25,1.804,1.706,5.744431418522855
2024-07-26,1.818,1.7291,5.141403042045001
2024-07-29,1.88,1.7339,8.42609147009632
2024-07-30,1.853,1.7093,8.406950213537701
2024-07-31,1.866,1.7532,6.433949349760448
2024-08-01,1.884,1.7152,9.841417910447747
2024-08-02,1.785,1.6679,7.020804604592601
2024-08-05,1.643,1.6025,2.527301092043688
2024-08-06,1.701,1.6193,5.045389983326132
2024-08-07,1.691,1.6091,5.089801752532486
2024-08-08,1.67,1.6529,1.0345453445459452
2024-08-09,1.715,1.6649,3.009189741125584
2024-08-12,1.73,1.6684,3.6921601534404047
2024-08-13,1.751,1.7088,2.469569288389506
2024-08-14,1.791,1.7041,5.099465993779706
2024-08-15,1.82,1.749,4.059462550028581
2024-08-16,1.897,1.7544,8.128134974920197
2024-08-19,1.861,1.7697,5.159066508447752
2024-08-20,1.898,1.7658,7.4866915845509086
2024-08-21,1.894,1.7738,6.776412222347505
2024-08-22,1.892,1.7433,8.529799804967574
2024-08-23,1.878,1.7647,6.420354734515787
2024-08-26,1.864,1.7422,6.991160601538282
2024-08-27,1.845,1.7503,5.4105010569616585
2024-08-28,1.844,1.7292,6.638908165625734
2024-08-29,1.788,1.7218,3.844813567197125
2024-08-30,1.804,1.7387,3.755679530683853
2024-09-02,1.818,1.7441,4.237142365690039
2024-09-03,1.818,1.6912,7.497634815515619
2024-09-04,1.714,1.6869,1.6064971249036608
2024-09-05,1.717,1.685,1.8991097922848699
2024-09-06,1.735,1.6364,6.025421657296515
2024-09-09,1.734,1.664,4.206730769230771
2024-09-10,1.736,1.6809,3.278005830210007
2024-09-11,1.752,1.7156,2.1217066915364846
2024-09-12,1.813,1.7347,4.513748775004323
2024-09-13,1.839,1.7363,5.914876461440999
2024-09-18,1.809,1.7196,5.198883461270065
2024-09-19,1.844,1.7587,4.850173423551496
2024-09-20,1.842,1.75,5.257142857142871
2024-09-23,1.854,1.7566,5.544802459296383
2024-09-24,1.84,1.7595,4.575163398692816
2024-09-25,1.82,1.7576,3.5502958579881616
2024-09-26,1.841,1.7703,3.993673388691188
2024-09-27,1.791,1.7589,1.8250042640286512
2024-09-30,1.77,1.7634,0.3742769649540678
2024-10-08,1.754,1.7765,-1.266535322262874
2024-10-09,1.812,1.7948,0.9583240472476051
2024-10-10,1.83,1.7945,1.97826692672054
2024-10-11,1.839,1.7959,2.3999109081797476
2024-10-14,1.839,1.8139,1.383758751860631
2024-10-15,1.877,1.7989,4.341542053477121
2024-10-16,1.851,1.7997,2.8504750791798594
2024-10-17,1.866,1.8034,3.4712210269491006
2024-10-18,1.849,1.8106,2.120843919142823
2024-10-21,1.846,1.8154,1.6855789357717477
2024-10-22,1.845,1.8191,1.4237809905997434
2024-10-23,1.846,1.792,3.0133928571428603
2024-10-24,1.827,1.803,1.331114808652245
2024-10-25,1.827,1.8167,0.5669620740903714
2024-10-28,1.852,1.8179,1.8757907475658753
2024-10-29,1.845,1.8389,0.33172005002990446
2024-10-30,1.906,1.8204,4.702263238848592
2024-10-31,1.876,1.7744,5.725879170423798
2024-11-01,1.851,1.7882,3.5119114193043366
2024-11-04,1.842,1.7756,3.7395809867087237
2024-11-05,1.829,1.8008,1.5659706796979034
2024-11-06,1.897,1.8637,1.7867682566936827
2024-11-07,1.953,1.8939,3.1205449073340885
2024-11-08,1.95,1.8929,3.0165354746684914
2024-11-11,1.951,1.9006,2.651794170262023
2024-11-12,1.95,1.9097,2.1102791014295352
2024-11-13,1.937,1.9041,1.7278504280237472
2024-11-14,1.941,1.8948,2.438252058264734
2024-11-15,1.913,1.8473,3.556541980187311
2024-11-18,1.912,1.8641,2.569604634944467
2024-11-19,1.918,1.8767,2.2006713912719134
2024-11-20,1.947,1.8749,3.8455384287161998
2024-11-21,1.939,1.8817,3.045118775575295
2024-11-22,1.953,1.8864,3.5305343511450316
2024-11-25,1.967,1.8888,4.140194832698008
2024-11-26,1.965,1.9023,3.296010093045254
2024-11-27,1.968,1.8846,4.425342247691821
2024-11-28,1.954,1.8847,3.67697776834508
2024-11-29,1.958,1.8955,3.2972830387760554
2024-12-02,1.96,1.927,1.712506486766996
2024-12-03,1.988,1.9366,2.654136114840444
2024-12-04,2.002,1.9579,2.25241329996424
2024-12-05,2.016,1.9503,3.3687125057683565
2024-12-06,2.006,1.9662,2.024209134370869
2024-12-09,2.031,1.9539,3.945954245355443
2024-12-10,2.022,1.9399,4.2321769163358836
2024-12-11,2.019,1.9812,1.9079345850999463
2024-12-12,2.052,1.9667,4.337214623480956
2024-12-13,2.066,1.9858,4.038674589586044
2024-12-16,2.088,2.0155,3.5971223021582954
2024-12-17,2.136,2.007,6.427503736920781
2024-12-18,2.168,1.9352,12.029764365440275
2024-12-19,2.104,1.9297,9.032492097217194
2024-12-20,2.06,1.9457,5.8744924705761425
2024-12-23,2.144,1.9654,9.087208710695037
2024-12-24,2.124,1.9922,6.615801626342743
2024-12-25,2.144,1.992,7.63052208835342
2024-12-26,2.148,1.9895,7.966825835637104
2024-12-27,2.129,1.9624,8.48960456583776
2024-12-30,2.095,1.9371,8.151360280832186
2024-12-31,2.094,1.9203,9.045461646617724
2025-01-02,2.105,1.9168,9.818447412353915
2025-01-03,2.094,1.9514,7.3075740494004116
2025-01-06,2.151,1.978,8.746208291203228
2025-01-07,2.125,1.942,9.42327497425335
2025-01-08,2.111,1.944,8.59053497942388
2025-01-09,2.104,1.9439,8.236020371418284
2025-01-10,2.101,1.9135,9.798798014110277
2025-01-13,2.046,1.9073,7.2720599800765395
2025-01-14,2.074,1.9045,8.89997374639011
2025-01-15,2.058,1.9488,5.603448275862055
2025-01-16,2.101,1.9352,8.567589913187268
2025-01-17,2.1,1.9664,6.7941415785191195
2025-01-20,2.125,1.963,8.252674477840038
2025-01-21,2.131,1.9637,8.519631308244623
2025-01-22,2.134,1.9915,7.155410494602044
2025-01-23,2.113,1.9966,5.8299108484423545
2025-01-24,2.113,1.9754,6.965677837400008
2025-01-27,2.052,1.9206,6.8416119962511734
2025-02-05,2.046,1.9707,3.820977317704366
2025-02-06,2.055,1.9844,3.5577504535376114
2025-02-07,2.051,1.9591,4.690929508447761
2025-02-10,2.032,1.9887,2.177301754915284
2025-02-11,2.041,1.983,2.924861321230443
2025-02-12,2.046,1.9854,3.0522816560894395
2025-02-13,2.055,2.0096,2.2591560509554354
2025-02-14,2.066,2.0121,2.6787933005317566
2025-02-17,2.066,2.0071,2.9345822330725913
2025-02-18,2.083,2.019,3.169886082218931
2025-02-19,2.068,2.0208,2.335708630245459
2025-02-20,2.051,2.0074,2.171963734183535
2025-02-21,2.039,1.9599,4.0359202000102234
2025-02-24,2.0,1.9359,3.3111214422232527
2025-02-25,1.971,1.9163,2.8544591139174624
2025-02-26,1.975,1.9186,2.93964349004483
2025-02-27,1.98,1.8685,5.9673534921059534
2025-02-28,1.905,1.9033,0.08931855198865968
2025-03-03,1.941,1.8633,4.170020930606988
2025-03-04,1.908,1.854,2.9126213592232997
2025-03-05,1.929,1.8732,2.978859705317105
2025-03-06,1.927,1.8167,6.071448230307697
2025-03-07,1.89,1.831,3.222282905516116
2025-03-10,1.881,1.7658,6.523955147808347
2025-03-11,1.799,1.7528,2.635782747603832
2025-03-12,1.799,1.7759,1.3007489160425711
2025-03-13,1.79,1.7419,2.7613525460703947
2025-03-14,1.803,1.7834,1.0990243355388563
2025-03-17,1.808,1.7946,0.7466844979382659
2025-03-18,1.827,1.7615,3.7184217996026003
2025-03-19,1.81,1.787,1.2870733072188
2025-03-20,1.847,1.7819,3.65340367023963
2025-03-21,1.835,1.7909,2.46244904796471
2025-03-24,1.876,1.831,2.4576734025122837
2025-03-25,1.9,1.843,3.092783505154628
2025-03-26,1.897,1.8096,4.8297966401414705
2025-03-27,1.862,1.7989,3.5076991494802368
2025-03-28,1.847,1.7514,5.4584903505766835
2025-03-31,1.768,1.7484,1.1210249370853465
2025-04-01,1.796,1.7667,1.65845927435333
2025-04-02,1.8,1.7809,1.072491436913925
2025-04-03,1.761,1.6917,4.096471005497415
2025-04-07,1.585,1.594,-0.5646173149310041
2025-04-08,1.644,1.568,4.84693877551019
2025-04-09,1.627,1.7594,-7.525292713425036
2025-04-10,1.79,1.6846,6.256678143179384
2025-04-11,1.775,1.7106,3.764760902607267
2025-04-14,1.797,1.7163,4.701975179164486
2025-04-15,1.773,1.7214,2.9975601254792483
2025-04-16,1.73,1.6718,3.481277664792448
2025-04-17,1.734,1.6662,4.069139359020535
2025-04-18,1.725,1.6659,3.547631910678928
2025-04-21,1.704,1.6221,5.049010541890131
2025-04-22,1.7,1.6707,1.7537559106961087
2025-04-23,1.759,1.7045,3.1974185978292713
2025-04-24,1.739,1.7524,-0.7646656014608455
2025-04-25,1.804,1.7699,1.9266625233063994
2025-04-28,1.808,1.7724,2.0085759422252325
2025-04-29,1.807,1.774,1.8602029312288604
2025-04-30,1.805,1.7768,1.5871229176046775
2025-05-06,1.816,1.7846,1.759497926706266
2025-05-07,1.819,1.7946,1.3596344589323461
2025-05-08,1.843,1.8144,1.5762786596119849
2025-05-09,1.844,1.8166,1.5083122316415398
2025-05-12,1.882,1.8814,0.03189114489210443
2025-05-13,1.887,1.9069,-1.0435785830405386
2025-05-14,1.94,1.9211,0.9838113580761032
2025-05-15,1.93,1.9227,0.3796744161855603
2025-05-16,1.922,1.9291,-0.3680472759317821
2025-05-19,1.906,1.9342,-1.4579671181883969
2025-05-20,1.929,1.9283,0.03630140538297688
2025-05-21,1.914,1.899,0.789889415481837
2025-05-22,1.905,1.9015,0.18406521167499967
2025-05-23,1.899,1.8794,1.0428860274555696
2025-05-26,1.903,1.8782,1.3204131615376369
2025-05-27,1.915,1.9257,-0.5556421041699067
2025-05-28,1.93,1.9162,0.7201753470410299
2025-05-29,1.958,1.9196,2.0004167534903194
2025-05-30,1.919,1.9197,-0.03646403083814587
2025-06-03,1.928,1.9468,-0.9656872816930395
2025-06-04,1.945,1.9521,-0.36371087546743786
2025-06-05,1.946,1.9347,0.5840698816353962
2025-06-06,1.94,1.9544,-0.7367990176013084
2025-06-09,1.948,1.9573,-0.4751443314770398
2025-06-10,1.954,1.9717,-0.8977024902368513
2025-06-11,1.963,1.9636,-0.030556121409652803
2025-06-12,1.956,1.9674,-0.5794449527294909
2025-06-13,1.935,1.9419,-0.355322107214584
2025-06-16,1.95,1.9689,-0.9599268627152324
2025-06-17,1.96,1.9499,0.5179752807836335
2025-06-18,1.955,1.9509,0.21015941360398305
2025-06-19,1.942,1.9523,-0.5275828509962555
2025-06-20,1.948,1.9422,0.29863041911235566
2025-06-23,1.939,1.963,-1.2226184411614938
2025-06-24,1.985,1.9908,-0.2913401647578806
2025-06-25,1.988,1.9933,-0.2658907339587624
2025-06-26,1.996,2.0109,-0.740961758416625
2025-06-27,2.02,2.0191,0.04457431528899214
2025-06-30,2.031,2.0309,0.004923925353295111
2025-07-01,2.023,2.0122,0.5367259715734152
2025-07-02,2.021,2.0282,-0.3549945764717566
2025-07-03,2.028,2.0468,-0.9185069376587918
2025-07-04,2.037,2.0476,-0.5176792342254433
2025-07-07,2.036,2.0336,0.1180173092053538
2025-07-08,2.039,2.0347,0.21133336609819864
2025-07-09,2.033,2.0524,-0.9452348470083805
2025-07-10,2.044,2.0478,-0.18556499658169967
2025-07-11,2.039,2.0412,-0.10777973740935254
2025-07-14,2.027,2.0474,-0.9963856598612875
2025-07-15,2.058,2.0514,0.32173150043870447
2025-07-16,2.044,2.0547,-0.5207572881685829
2025-07-17,2.059,2.0705,-0.5554213957981058
2025-07-18,2.072,2.069,0.14499758337360724
2025-07-21,2.074,2.0781,-0.1972956065636966
2025-07-22,2.073,2.068,0.24177949709864865
2025-07-23,2.071,2.0729,-0.09165902841430373
2025-07-24,2.074,2.0751,-0.053009493518385575
2025-07-25,2.078,2.0836,-0.2687655980034731
2025-07-28,2.098,2.0933,0.22452586824630583
2025-07-29,2.099,2.0897,0.4450399578886932
2025-07-30,2.093,2.0938,-0.03820804279300871
2025-07-31,2.127,2.0862,1.9557089444923736
2025-08-01,2.086,2.0504,1.7362465860319976
2025-08-04,2.058,2.0789,-1.0053393621626938
2025-08-05,2.095,2.0666,1.374237878641238
2025-08-06,2.08,2.0937,-0.6543439843339605
2025-08-07,2.097,2.0968,0.009538344143456001
2025-08-08,2.105,2.1182,-0.6231706165612305
2025-08-11,2.127,2.1106,0.7770302283710784
2025-08-12,2.12,2.1408,-0.971599402092671
2025-08-13,2.143,2.1378,0.24324071475347875
2025-08-14,2.136,2.1356,0.018730099269514966
2025-08-15,2.143,2.1274,0.7332894613142571
2025-08-18,2.128,2.1268,0.056422794809107835
2025-08-19,2.124,2.0979,1.2441012441012367
2025-08-20,2.094,2.0844,0.4605641911341385
2025-08-21,2.095,2.0749,0.968721384163107
2025-08-22,2.079,2.108,-1.375711574952554
2025-08-25,2.114,2.0924,1.032307398203014
2025-08-26,2.1,2.1046,-0.21856884918749486
2025-08-27,2.117,2.1075,0.45077105575326293
2025-08-28,2.106,2.1135,-0.35486160397446564
2025-08-29,2.108,2.0854,1.0837249448547137
2025-09-01,2.085,2.086,-0.04793863854265501
2025-09-02,2.089,2.0743,0.7086728052837055
2025-09-03,2.086,2.09,-0.191387559808609
2025-09-04,2.094,2.1076,-0.645283735054103
2025-09-05,2.117,2.1087,0.39360743586096536
2025-09-08,2.113,2.117,-0.18894662257912254
2025-09-09,2.119,2.1218,-0.13196342727871402
2025-09-10,2.128,2.1215,0.30638699033702643
2025-09-11,2.126,2.1346,-0.40288578656422214
2025-09-12,2.134,2.1428,-0.4106776180698102
2025-09-15,2.148,2.1615,-0.6245662734212343
2025-09-16,2.161,2.1572,0.17615427405897055
2025-09-17,2.153,2.1508,0.10228752092245053
2025-09-18,2.163,2.1709,-0.36390437145885635
2025-09-19,2.172,2.1875,-0.7085714285714251
2025-09-22,2.189,2.2009,-0.5406879004043685
2025-09-23,2.212,2.1843,1.2681408231470126
2025-09-24,2.201,2.1787,1.0235461513746769
2025-09-25,2.195,2.1716,1.0775465094860825
2025-09-26,2.189,2.1834,0.2564807181460127
2025-09-29,2.206,2.1877,0.8364949490332396
2025-09-30,2.21,2.195,0.6833712984054774
2025-10-09,2.254,2.2338,0.9042886561017038
2025-10-10,2.262,2.1551,4.9603266669760115
2025-10-13,2.233,2.2039,1.3203865874132248
2025-10-14,2.205,2.1918,0.6022447303586143
2025-10-15,2.244,2.2015,1.9305019305019488
2025-10-16,2.251,2.1936,2.616703136396792
2025-10-17,2.211,2.2082,0.12680010868579839
2025-10-20,2.265,2.2357,1.310551505121449
2025-10-21,2.298,2.2328,2.920100322465058
2025-10-22,2.331,2.2126,5.351170568561869
2025-10-23,2.327,2.2317,4.270287224985436
2025-10-24,2.352,2.2547,4.315429990686104
2025-10-27,2.408,2.2923,5.0473323735985565
2025-10-28,2.413,2.3054,4.667302854168454
2025-10-29,2.455,2.3143,6.0795921012833265
2025-10-30,2.431,2.2832,6.4733707077785585
2025-10-31,2.426,2.2962,5.652817698806745
2025-11-03,2.42,2.3073,4.884497031161961
2025-11-04,2.384,2.2622,5.384139333392279
2025-11-05,2.366,2.2792,3.808353808353826
2025-11-06,2.416,2.2341,8.141981110961893
2025-11-07,2.387,2.2278,7.146063380913925
2025-11-10,2.423,2.2756,6.477412550536132
2025-11-11,2.43,2.2694,7.076760377192204
2025-11-12,2.447,2.2669,7.944770391283251
2025-11-13,2.442,2.2135,10.323017845041814
2025-11-14,2.375,2.2158,7.184763967867136
2025-11-17,2.371,2.199,7.821737153251496
2025-11-18,2.297,2.1753,5.594630625660835
2025-11-19,2.297,2.1864,5.058543724844511
2025-11-20,2.39,2.1367,11.854729255393837
2025-11-21,2.31,2.1522,7.332032339001948
2025-11-24,2.333,2.2066,5.728269736245828
2025-11-25,2.376,2.2157,7.234733944126015
2025-11-26,2.401,2.2304,7.648852223816349
2025-11-27,2.39,2.2306,7.14605935622703
2025-11-28,2.41,2.247,7.254116599910998
2025-12-01,2.395,2.2368,7.072603719599413
2025-12-02,2.397,2.2549,6.301831566810034
2025-12-03,2.412,2.2577,6.834388979935335
2025-12-04,2.407,2.2569,6.650715583322264
2025-12-05,2.406,2.267,6.131451257168075
2025-12-08,2.397,2.2616,5.98691192076406
2025-12-09,2.374,2.2654,4.793855389776636
2025-12-10,2.383,2.2722,4.876331308863646
2025-12-11,2.363,2.2632,4.409685401201835
2025-12-12,2.365,2.2189,6.584343593672548
2025-12-15,2.339,2.2053,6.062667210810324
2025-12-16,2.3,2.2089,4.124224727239811
2025-12-17,2.324,2.1672,7.235142118863047
2025-12-18,2.298,2.1987,4.516305089370998
2025-12-19,2.329,2.2272,4.570761494252884
2025-12-22,2.377,2.2362,6.29639567122795
2025-12-23,2.366,2.2443,5.422626208617398
2025-12-24,2.363,2.246,5.209260908281399
2025-12-25,2.351,2.2434,4.796291343496484
2025-12-26,2.342,2.243,4.413731609451643
2025-12-29,2.325,2.2323,4.152667652197306
2025-12-30,2.325,2.2209,4.6872889369174775
2025-12-31,2.31,2.203,4.857013163867463
2026-01-05,2.346,2.2124,6.038691014283137
2026-01-06,2.351,2.233,5.28437080161217
2026-01-07,2.346,2.2377,4.839790856683224
2026-01-08,2.336,2.2222,5.121051210512095
2026-01-09,2.333,2.2445,3.942971708621079
2026-01-12,2.32,2.2438,3.3960246011230932
2026-01-13,2.34,2.2404,4.445634708087831
2026-01-14,2.326,2.2154,4.992326442177486
2026-01-15,2.321,2.2218,4.464848321181036
2026-01-16,2.328,2.2193,4.897940792141653
2026-01-19,2.305,2.2175,3.9458850056369954
2026-01-20,2.284,2.1689,5.306837567430489
2026-01-21,2.271,2.1993,3.2601282226162764
2026-01-22,2.309,2.2157,4.210858870785761
2026-01-23,2.299,2.2237,3.3862481449835835
2026-01-26,2.282,2.2306,2.304312740966563
2026-01-27,2.307,2.25,2.533333333333321
2026-01-28,2.34,2.2535,3.8384734856889313
2026-01-29,2.325,2.2419,3.7066773718720913
2026-01-30,2.297,2.2139,3.75355707123175
2026-02-02,2.241,2.2308,0.4572350726196994
2026-02-03,2.296,2.1913,4.777985670606477
2026-02-04,2.278,2.1527,5.820597389325033
2026-02-05,2.257,2.1246,6.231761272710168
2026-02-06,2.219,2.1696,2.2769174041297857
2026-02-09,2.261,2.1825,3.596792668957627
2026-02-10,2.26,2.1655,4.3638882475178775
2026-02-11,2.253,2.1713,3.7627227927969464
2026-02-12,2.253,2.1243,6.058466318316635
2026-02-13,2.244,2.1307,5.3175012906556685
2026-02-24,2.226,2.1453,3.761711648720456
2026-02-25,2.223,2.1685,2.513258012450992
2026-02-26,2.232,2.1342,4.5825133539499685
2026-02-27,2.21,2.133,3.609939052977018
2026-03-02,2.183,2.1445,1.7952902774539536
2026-03-03,2.177,2.1255,2.4229593036932506
2026-03-04,2.159,2.1622,-0.14799741004533074
2026-03-05,2.215,2.151,2.9753602975360227
2026-03-06,2.215,2.1195,4.50577966501533
2026-03-09,2.163,2.1527,0.4784688995215225
2026-03-10,2.203,2.1382,3.030586474604813
2026-03-11,2.204,2.1375,3.111111111111109
2026-03-12,2.192,2.1032,4.222137694941042
2026-03-13,2.17,2.0968,3.4910339565051407
2026-03-16,2.179,2.1221,2.6813062532397014
2026-03-17,2.167,2.1283,1.818352675844559
2026-03-18,2.198,2.0938,4.9765975737892765
2026-03-19,2.157,2.0958,2.9201259662181567
2026-03-20,2.138,2.0509,4.246915988102784
2026-03-23,2.066,2.0827,-0.8018437605031958
2026-03-24,2.113,2.0603,2.5578799203999525
2026-03-25,2.131,2.0786,2.5209275473876636
2026-03-26,2.116,2.0302,4.22618461235349
2026-03-27,2.106,1.9935,5.643340857787793
2026-03-30,2.075,1.9777,4.9198563988471555
2026-03-31,2.054,2.044,0.4892367906066397
2026-04-01,2.137,2.0597,3.7529737340389557
2026-04-02,2.102,2.0658,1.752347758737538
2026-04-03,2.116,2.062,2.6188166828322146
2026-04-07,2.119,2.0722,2.258469259723972
2026-04-08,2.221,2.119,4.813591316658794
2026-04-09,2.2,2.1381,2.895093774846824
2026-04-10,2.209,2.14,3.224299065420566
2026-04-13,2.202,2.1624,1.8312985571587115
2026-04-14,2.241,2.1958,2.058475270971849
2026-04-15,2.275,2.2271,2.150779040007178
2026-04-16,2.335,2.2377,4.34821468472093
2026-04-17,2.317,2.2699,2.074981276708243
2026-04-20,2.318,2.2602,2.557295814529681
2026-04-21,2.319,2.2493,3.0987418307917958
2026-04-22,2.325,2.29,1.5283842794759916
2026-04-23,2.331,2.2809,2.1965013810337997
2026-04-24,2.335,2.3254,0.4128322009116614
2026-04-27,2.378,2.3223,2.3984842612926993
2026-04-28,2.389,2.3025,3.756786102062959
2026-04-29,2.385,2.3141,3.063826109502621
2026-04-30,2.386,2.338,2.0530367835757124
2026-05-06,2.464,2.4289,1.4450986043064828
2026-05-07,2.518,2.421,4.006608839322601
2026-05-08,2.521,2.4783,1.7229552515837465
2026-05-11,2.577,2.4829,3.7899230738249745
2026-05-12,2.546,2.461,3.4538805363673264
2026-05-13,2.566,2.4851,3.255402197094681
2026-05-14,2.572,2.5019,2.8018705783604547
2026-05-15,2.548,2.4694,3.1829594233417025
2026-05-18,2.5,2.4578,1.716982667426148
2026-05-19,2.499,2.4434,2.2755177212081534
2026-05-20,2.516,2.4847,1.2597094216605598
2026-05-21,2.551,2.489,2.4909602249899576
2026-05-22,2.585,2.4964,3.5491107194359994
2026-05-25,2.688,2.4924,7.847857486759757
2026-05-26,2.656,2.5371,4.686453036931937
2026-05-27,2.703,2.5333,6.69877235226779
2026-05-28,2.683,2.5536,5.067355889724312
2026-05-29,2.757,2.5584,7.762664165103206
2026-06-01,2.865,2.5724,11.374591820867685
2026-06-02,2.83,2.5835,9.541319914844216
2026-06-03,2.791,2.5794,8.203458168566335
2026-06-04,2.724,2.5678,6.083028273229996
2026-06-05,2.687,2.4444,9.924725904107333
2026-06-08,2.581,2.4868,3.788000643397127
2026-06-09,2.687,2.4547,9.463478225445066
2026-06-10,2.607,2.4074,8.291102434161335
2026-06-11,2.584,2.4868,3.9086376065626594
2026-06-12,2.619,2.4974,4.869063826379461
2026-06-15,2.73,2.5718,6.151333696243877
2026-06-16,2.761,2.5238,9.398526032173704
2026-06-17,2.761,2.4983,10.515150302205512
2026-06-18,2.752,2.5617,7.428660655033759
2026-06-22,2.746,2.5626,7.156793881214374
2026-06-23,2.657,2.4815,7.07233528108
2026-06-24,2.681,2.477,8.235769075494549
2026-06-25,2.718,2.4942,8.972816935289863
2026-06-26,2.65,2.4677,7.387445799732539
2026-06-29,2.668,2.5196,5.889823781552628
2026-06-30,2.704,2.5588,5.674534938252296
2026-07-01,2.71,2.5228,7.420326621214524
2026-07-02,2.657,2.4799,7.141416992620653
2026-07-03,2.669,2.4774,7.733914587874402
2026-07-06,2.677,2.5124,6.551504537494024
2026-07-07,2.668,2.4697,8.029315301453632
2026-07-08,2.631,2.4766,6.234353549220706
2026-07-09,2.67,2.5161,6.116609037796605
2026-07-10,2.674,2.5185,6.174310105221359
2026-07-13,2.653,2.4718,7.330690185290067
2026-07-14,2.66,2.4978,6.493714468732503
2026-07-15,2.689,2.4877,8.09181171363107
2026-07-16,2.661,2.4465,8.767627222562858
2026-07-17,2.567,2.4132,6.373280291728833
2026-07-20,2.556,2.4106,6.031693354351608
2026-07-21,2.609,2.4566,6.2036961654319045
2026-07-22,2.599,2.4463,6.2420798757307105
2026-07-23,2.6,2.3988,8.387527096881776
2026-07-24,2.568,2.373,8.217446270543615
2026-07-27,2.591,2.3628,9.658032842390396
2026-07-28,2.516,2.3397,7.535154079582851
2026-07-29,2.529,2.291,10.388476647752064
2026-07-30,2.486,2.3647,5.1296147502854605
2026-07-31,2.578,2.3752,8.53822835971707
2026-08-03,2.593,2.4194,7.17533272712243
2026-08-04,2.665,2.4997,6.612793535224237
2026-08-05,2.748,2.4771,10.936175366355826
2026-08-06,2.712,2.4686,9.859839585189988
2026-08-07,2.725,2.4965,9.152813939515326
2026-08-10,2.734,2.4873,9.918385397820927
2026-08-11,2.693,2.48,8.58870967741936
2020-11-05,1.013,1.0191,-0.5985673633598254
2020-11-06,1.005,1.0181,-1.286710539239766
2020-11-09,1.03,0.9872,4.335494327390599
2020-11-10,0.995,0.977,1.84237461617196
2020-11-11,0.983,0.9984,-1.5424679487179405
2020-11-12,0.998,0.9966,0.14047762392133123
2020-11-13,0.999,1.0036,-0.45834994021523023
2020-11-16,1.004,1.0042,-0.019916351324433812
2020-11-17,1.002,0.9993,0.27018913239267306
2020-11-18,0.991,0.9896,0.141471301535967
2020-11-19,0.99,1.0021,-1.207464324917673
2020-11-20,1.0,0.9949,0.5126143330987931
2020-11-23,0.996,0.9945,0.15082956259426794
2020-11-24,0.999,1.01,-1.08910891089109
2020-11-25,1.011,1.0161,-0.5019191024505543
2020-11-26,1.014,1.0155,-0.1477104874446189
2020-11-27,1.015,1.0255,-1.0238907849829504
2020-11-30,1.016,1.0267,-1.042173955391057
2020-12-01,1.03,1.0387,-0.8375854433426366
2020-12-02,1.031,1.0395,-0.8177008177008394
2020-12-03,1.035,1.0393,-0.41374001731934174
2020-12-04,1.034,1.0409,-0.6628878854837095
2020-12-07,1.033,1.0461,-1.2522703374438504
2020-12-08,1.039,1.0504,-1.085300837776093
2020-12-09,1.043,1.027,1.5579357351509282
2020-12-10,1.021,1.0331,-1.1712322137256814
2020-12-11,1.025,1.0287,-0.35967726256440624
2020-12-14,1.026,1.0361,-0.9748093813338521
2020-12-15,1.034,1.0487,-1.401735482025357
2020-12-16,1.042,1.0535,-1.0915994304698695
2020-12-17,1.048,1.0591,-1.048059673307511
2020-12-18,1.052,1.0588,-0.6422364941443104
2020-12-21,1.056,1.0558,0.018942981625302835
2020-12-22,1.045,1.0582,-1.2474012474012586
2020-12-23,1.051,1.0507,0.02855239364232265
2020-12-24,1.045,1.0551,-0.9572552364704778
2020-12-25,1.043,1.0534,-0.9872792861211233
2020-12-28,1.051,1.0655,-1.3608634443923018
2020-12-29,1.065,1.0658,-0.07506098705198916
2020-12-30,1.063,1.0663,-0.3094813842258404
2020-12-31,1.061,1.0698,-0.8225836604973003
2021-01-04,1.057,1.0437,1.2743125419181656
2021-01-05,1.04,1.0517,-1.1124845488257096
2021-01-06,1.035,1.0358,-0.07723498744932611
2021-01-07,1.039,1.0622,-2.1841461118433547
2021-01-08,1.063,1.0775,-1.345707656612527
2021-01-11,1.067,1.0623,0.4424362232890777
2021-01-12,1.06,1.0589,0.10388138634433997
2021-01-13,1.054,1.0654,-1.0700206495212972
2021-01-14,1.06,1.0598,0.018871485185889547
2021-01-15,1.053,1.0525,0.047505938242276
2021-01-18,1.052,1.0551,-0.2938110131740945
2021-01-19,1.061,1.0715,-0.9799346710219314
2021-01-20,1.069,1.0923,-2.1331136134761564
2021-01-21,1.091,1.1008,-0.8902616279069742
2021-01-22,1.09,1.0994,-0.8550118246316019
2021-01-25,1.106,1.1087,-0.24352845675114088
2021-01-26,1.1,1.1099,-0.8919722497522264
2021-01-27,1.109,1.0767,2.9999071236184616
2021-01-28,1.069,1.0868,-1.637835848362168
2021-01-29,1.07,1.0606,0.886290778804466
2021-02-01,1.059,1.087,-2.575896964121438
2021-02-02,1.095,1.104,-0.815217391304357
2021-02-03,1.108,1.0992,0.8005822416302877
2021-02-04,1.099,1.1125,-1.2134831460674178
2021-02-05,1.119,1.1189,0.008937349182236431
2021-02-08,1.12,1.1232,-0.2849002849002691
2021-02-09,1.117,1.1213,-0.3834834567020384
2021-02-10,1.124,1.1167,0.6537118294976274
2021-02-18,1.118,1.1202,-0.1963935011605078
2021-02-19,1.118,1.1146,0.305042167593772
2021-02-22,1.108,1.0863,1.9976065543588328
2021-02-23,1.097,1.0827,1.3207721437147768
2021-02-24,1.075,1.0914,-1.5026571376213993
2021-02-25,1.097,1.0511,4.366853772238621
2021-02-26,1.05,1.0601,-0.9527403075181629
2021-03-01,1.074,1.0903,-1.4950013757681346
2021-03-02,1.09,1.0734,1.5464877957890977
2021-03-03,1.081,1.0404,3.9023452518262225
2021-03-04,1.039,1.0237,1.494578489791909
2021-03-05,1.026,1.0417,-1.5071517711433224
2021-03-08,1.037,1.0181,1.8563991749336983
2021-03-09,1.026,1.0586,-3.079539013791799
2021-03-10,1.05,1.0532,-0.30383592859853925
2021-03-11,1.062,1.0763,-1.3286258478119484
2021-03-12,1.071,1.0674,0.3372681281618828
2021-03-15,1.067,1.0802,-1.2219959266802527
2021-03-16,1.084,1.0855,-0.13818516812527104
2021-03-17,1.082,1.0896,-0.6975036710719418
2021-03-18,1.088,1.0555,3.0791094268119323
2021-03-19,1.055,1.0618,-0.6404219250329746
2021-03-22,1.067,1.0811,-1.3042271760244195
2021-03-23,1.077,1.0758,0.11154489682094759
2021-03-24,1.08,1.0601,1.87718139798132
2021-03-25,1.063,1.06,0.2830188679245227
2021-03-26,1.069,1.0779,-0.8256795621115254
2021-03-29,1.073,1.0784,-0.5007418397626195
2021-03-30,1.074,1.0751,-0.10231606362197665
2021-03-31,1.075,1.0896,-1.3399412628487428
2021-04-01,1.096,1.1112,-1.3678905687544929
2021-04-02,1.11,1.1094,0.05408328826395081
2021-04-06,1.128,1.1279,0.008866034222898556
2021-04-07,1.127,1.1301,-0.27431200778692544
2021-04-08,1.138,1.143,-0.4374453193350947
2021-04-09,1.14,1.1518,-1.024483417259947
2021-04-12,1.148,1.1489,-0.07833579946036062
2021-04-13,1.146,1.162,-1.376936316695354
2021-04-14,1.162,1.145,1.4847161572052237
2021-04-15,1.15,1.1626,-1.0837777395492965
2021-04-16,1.159,1.1616,-0.22382920110192162
2021-04-19,1.16,1.1481,1.036495078825883
2021-04-20,1.145,1.1379,0.6239564109324247
2021-04-21,1.134,1.1484,-1.2539184952978233
2021-04-22,1.145,1.1326,1.094826063923704
2021-04-23,1.133,1.1487,-1.3667624270914946
2021-04-26,1.145,1.1543,-0.8056830979814689
2021-04-27,1.156,1.1484,0.6617903169627182
2021-04-28,1.151,1.1439,0.6206836261911208
2021-04-29,1.152,1.1463,0.4972520282648274
2021-04-30,1.143,1.1387,0.3776236058663285
2021-05-06,1.114,1.1184,-0.3934191702432033
2021-05-07,1.114,1.125,-0.9777777777777663
2021-05-10,1.116,1.0899,2.3947151114781073
2021-05-11,1.087,1.089,-0.18365472910927272
2021-05-12,1.089,1.0629,2.4555461473327655
2021-05-13,1.07,1.0736,-0.3353204172876323
2021-05-14,1.084,1.0934,-0.8597036766050725
2021-05-17,1.097,1.0881,0.8179395276169288
2021-05-18,1.099,1.0783,1.919688398404884
2021-05-19,1.079,1.0808,-0.16654330125832617
2021-05-20,1.082,1.1022,-1.8326982398838676
2021-05-21,1.105,1.0955,0.867183934276583
2021-05-24,1.1,1.1134,-1.2035207472606335
2021-05-25,1.116,1.1107,0.477176555325487
2021-05-26,1.113,1.1123,0.06293266205159576
2021-05-27,1.105,1.1059,-0.08138168007958413
2021-05-28,1.106,1.1071,-0.09935868485230204
2021-05-31,1.105,1.1059,-0.08138168007958413
2021-06-01,1.11,1.1047,0.47976826287681185
2021-06-02,1.105,1.1092,-0.37865128020194705
2021-06-03,1.108,1.0987,0.8464549012469291
2021-06-04,1.1,1.12,-1.7857142857142905
2021-06-07,1.114,1.1205,-0.5800981704596087
2021-06-08,1.119,1.1211,-0.18731602890018628
2021-06-09,1.119,1.1212,-0.19621833749553508
2021-06-10,1.117,1.1325,-1.3686534216335589
2021-06-11,1.131,1.1353,-0.37875451422531015
2021-06-15,1.148,1.1401,0.6929216735374055
2021-06-16,1.139,1.1351,0.34358206325433294
2021-06-17,1.133,1.1551,-1.9132542637001149
2021-06-18,1.155,1.1481,0.6009929448654416
2021-06-21,1.15,1.1595,-0.8193186718413181
2021-06-22,1.157,1.1712,-1.212431693989069
2021-06-23,1.173,1.1728,0.017053206002737298
2021-06-24,1.171,1.1795,-0.7206443408223739
2021-06-25,1.175,1.1736,0.11929107021131369
2021-06-28,1.173,1.1892,-1.3622603430877844
2021-06-29,1.181,1.193,-1.0058675607711676
2021-06-30,1.192,1.192,0.0
2021-07-01,1.192,1.193,-0.08382229673093988
2021-07-02,1.193,1.2109,-1.478239326121067
2021-07-05,1.204,1.2061,-0.17411491584445882
2021-07-06,1.206,1.2111,-0.42110478077781455
2021-07-07,1.211,1.2141,-0.2553331686022453
2021-07-08,1.209,1.2095,-0.04133939644480611
2021-07-09,1.21,1.219,-0.7383100902379147
2021-07-12,1.217,1.2212,-0.3439240091713036
2021-07-13,1.218,1.219,-0.08203445447089175
2021-07-14,1.218,1.2232,-0.42511445389143976
2021-07-15,1.223,1.2117,0.9325740694891449
2021-07-16,1.211,1.204,0.5813953488372103
2021-07-19,1.203,1.1955,0.6273525721455453
2021-07-20,1.203,1.2103,-0.6031562422539771
2021-07-21,1.21,1.2176,-0.6241787122207687
2021-07-22,1.218,1.2242,-0.5064531939225625
2021-07-23,1.228,1.2405,-1.007658202337769
2021-07-26,1.241,1.2427,-0.1367989056087371
2021-07-27,1.241,1.2329,0.6569875902344036
2021-07-28,1.233,1.2375,-0.3636363636363549
2021-07-29,1.233,1.2327,0.024336821611115056
2021-07-30,1.214,1.2242,-0.8331971900016333
2021-08-02,1.231,1.2251,0.48159333931923065
2021-08-03,1.228,1.2338,-0.47009239747123344
2021-08-04,1.235,1.2347,0.024297400178197037
2021-08-05,1.232,1.2431,-0.8929289679028285
2021-08-06,1.244,1.2379,0.49277001373293494
2021-08-09,1.236,1.2419,-0.47507850873661495
2021-08-10,1.241,1.2362,0.3882866850024369
2021-08-11,1.236,1.2349,0.0890760385456213
2021-08-12,1.233,1.2384,-0.43604651162789665
2021-08-13,1.239,1.2428,-0.30576118442225964
2021-08-16,1.24,1.2429,-0.2333252876337566
2021-08-17,1.244,1.2321,0.9658306955604212
2021-08-18,1.235,1.2202,1.212915915423718
2021-08-19,1.216,1.2285,-1.0175010175010102
2021-08-20,1.228,1.2427,-1.182908183793352
2021-08-23,1.247,1.2591,-0.9610038916686547
2021-08-24,1.264,1.2604,0.2856236115518884
2021-08-25,1.264,1.2609,0.2458561345071164
2021-08-26,1.262,1.2547,0.58181238543078
2021-08-27,1.264,1.2665,-0.19739439399920622
2021-08-30,1.268,1.2785,-0.8212749315604229
2021-08-31,1.289,1.2753,1.074257037559767
2021-09-01,1.284,1.2785,0.430191630817367
2021-09-02,1.282,1.2773,0.3679636733735059
2021-09-03,1.282,1.2809,0.08587711765166706
2021-09-06,1.283,1.28,0.23437499999998668
2021-09-07,1.285,1.2826,0.18711991267736927
2021-09-08,1.281,1.2788,0.1720362840162526
2021-09-09,1.273,1.2729,0.007856076675305523
2021-09-10,1.272,1.2599,0.960393682038263
2021-09-13,1.267,1.2616,0.4280279010779875
2021-09-14,1.259,1.2553,0.29475025890224327
2021-09-15,1.254,1.264,-0.7911392405063333
2021-09-16,1.26,1.2664,-0.5053695514845247
2021-09-17,1.27,1.2529,1.3648335860803051
2021-09-22,1.238,1.2429,-0.39423927910531287
2021-09-23,1.25,1.2537,-0.2951264257796904
2021-09-24,1.249,1.2543,-0.42254644024554144
2021-09-27,1.257,1.2436,1.0775168864586515
2021-09-28,1.234,1.2073,2.211546425909039
2021-09-29,1.218,1.208,0.8278145695364225
2021-09-30,1.219,1.202,1.4143094841930326
2021-10-08,1.219,1.2099,0.7521282750640568
2021-10-11,1.205,1.1989,0.5087997330886607
2021-10-12,1.196,1.1983,-0.19193857965450478
2021-10-13,1.199,1.2057,-0.5556937878410828
2021-10-14,1.216,1.2264,-0.8480104370515273
2021-10-15,1.23,1.2326,-0.21093623235436398
2021-10-18,1.229,1.246,-1.3643659711075395
2021-10-19,1.244,1.2488,-0.384368994234463
2021-10-20,1.246,1.2456,0.03211303789338871
2021-10-21,1.241,1.2548,-1.0997768568696054
2021-10-22,1.249,1.2424,0.5312298776561697
2021-10-25,1.243,1.2531,-0.8060011172292714
2021-10-26,1.258,1.2573,0.055674858824450446
2021-10-27,1.258,1.2608,-0.2220812182741061
2021-10-28,1.261,1.2771,-1.2606687025291663
2021-10-29,1.265,1.2822,-1.341444392450486
2021-11-01,1.284,1.289,-0.38789759503490284
2021-11-02,1.288,1.2938,-0.4482918534549407
2021-11-03,1.291,1.3076,-1.269501376567772
2021-11-04,1.311,1.3232,-0.9220072551390568
2021-11-05,1.327,1.3254,0.1207182737286816
2021-11-08,1.324,1.323,0.07558578987150177
2021-11-09,1.325,1.3132,0.8985683825769142
2021-11-10,1.315,1.2937,1.6464404421426826
2021-11-11,1.305,1.2996,0.41551246537394615
2021-11-12,1.3,1.3109,-0.8314898161568274
2021-11-15,1.315,1.3078,0.5505428964673431
2021-11-16,1.31,1.3172,-0.5466140297600841
2021-11-17,1.319,1.3187,0.0227496777128966
2021-11-18,1.323,1.331,-0.6010518407212673
2021-11-19,1.342,1.3395,0.18663680477790656
2021-11-22,1.345,1.3237,1.6091259348794962
2021-11-23,1.325,1.3179,0.5387358676682608
2021-11-24,1.325,1.3237,0.09820956410062642
2021-11-25,1.331,1.3233,0.5818786367414841
2021-11-26,1.317,1.2967,1.5655124546926746
2021-11-29,1.323,1.3253,-0.17354561231418542
2021-11-30,1.32,1.3015,1.4214368036880476
2021-12-01,1.321,1.2795,3.2434544744040616
2021-12-02,1.291,1.2906,0.03099333643266089
2021-12-03,1.289,1.2669,1.7444155024074481
2021-12-06,1.274,1.2781,-0.3207886706830476
2021-12-07,1.29,1.3158,-1.9607843137254943
2021-12-08,1.323,1.319,0.30326004548901775
2021-12-09,1.317,1.2969,1.5498496414527052
2021-12-10,1.305,1.3162,-0.8509345084333764
2021-12-13,1.322,1.2952,2.0691785052501688
2021-12-14,1.299,1.2818,1.3418630051490021
2021-12-15,1.286,1.3121,-1.9891776541422157
2021-12-16,1.319,1.2782,3.1919887341574027
2021-12-17,1.281,1.2741,0.5415587473510675
2021-12-20,1.263,1.2611,0.15066212037109228
2021-12-21,1.279,1.2889,-0.7680968267514965
2021-12-22,1.284,1.3048,-1.594114040465966
2021-12-23,1.303,1.3145,-0.8748573602130105
2021-12-24,1.31,1.3143,-0.32717035684394213
2021-12-27,1.313,1.3355,-1.6847622613253455
2021-12-28,1.332,1.3291,0.21819276201942017
2021-12-29,1.332,1.3294,0.19557695200844716
2021-12-30,1.328,1.3241,0.29453968733479385
2021-12-31,1.324,1.3164,0.5773321178973001
2022-01-04,1.334,1.313,1.599390708301618
2022-01-05,1.305,1.2714,2.642756016989134
2022-01-06,1.271,1.2713,-0.02359789192166728
2022-01-07,1.276,1.2571,1.5034603452390272
2022-01-10,1.266,1.2587,0.5799634543576682
2022-01-11,1.257,1.2771,-1.57387831806437
2022-01-12,1.281,1.2804,0.04686035613870043
2022-01-13,1.274,1.2467,2.1897810218978186
2022-01-14,1.251,1.2532,-0.1755505904883714
2022-01-17,1.252,1.2534,-0.111696186373067
2022-01-18,1.241,1.2217,1.5797658999754605
2022-01-19,1.215,1.209,0.496277915632759
2022-01-20,1.22,1.191,2.434928631402178
2022-01-21,1.182,1.1578,2.090171013992048
2022-01-24,1.168,1.1619,0.5250021516481684
2022-01-25,1.145,1.1325,1.103752759381904
2022-01-26,1.139,1.1333,0.5029559692932173
2022-01-27,1.116,1.1261,-0.896900808098744
2022-01-28,1.141,1.163,-1.8916595012897663
2022-02-07,1.183,1.1712,1.0075136612021973
2022-02-08,1.171,1.1879,-1.422678676656275
2022-02-09,1.192,1.2112,-1.5852047556142779
2022-02-10,1.207,1.1822,2.0977837929284426
2022-02-11,1.175,1.1464,2.4947662247034152
2022-02-14,1.15,1.1471,0.2528114375381252
2022-02-15,1.149,1.1742,-2.1461420541645237
2022-02-16,1.171,1.1702,0.06836438215691576
2022-02-17,1.163,1.1354,2.43086137044215
2022-02-18,1.142,1.1211,1.864240478101853
2022-02-21,1.14,1.122,1.6042780748662944
2022-02-22,1.101,1.1115,-0.9446693657219951
2022-02-23,1.118,1.08,3.518518518518521
2022-02-24,1.058,1.1166,-5.2480745119111605
2022-02-25,1.105,1.1328,-2.45409604519774
2022-02-28,1.106,1.136,-2.640845070422515
2022-03-01,1.134,1.1179,1.440200375704448
2022-03-02,1.119,1.1367,-1.5571390868303059
2022-03-03,1.135,1.1214,1.2127697520956104
2022-03-04,1.117,1.1059,1.0037073876480562
2022-03-07,1.09,1.064,2.4436090225564033
2022-03-08,1.053,1.0596,-0.6228765571914097
2022-03-09,1.067,1.0975,-2.779043280182225
2022-03-10,1.094,1.086,0.7366482504604033
2022-03-11,1.087,1.0628,2.2770041400075325
2022-03-14,1.072,1.049,2.19256434699715
2022-03-15,1.052,1.0853,-3.0682760527043107
2022-03-16,1.093,1.1199,-2.4020001785873712
2022-03-17,1.123,1.1328,-0.8651129943502811
2022-03-18,1.125,1.1596,-2.9837875129354874
2022-03-21,1.152,1.1563,-0.37187581077576803
2022-03-22,1.15,1.1782,-2.3934815820743527
2022-03-23,1.179,1.1643,1.262561195568157
2022-03-24,1.169,1.1887,-1.6572726507949942
2022-03-25,1.189,1.1866,0.20225855385134217
2022-03-28,1.182,1.2072,-2.087475149105378
2022-03-29,1.209,1.227,-1.4669926650366705
2022-03-30,1.221,1.2105,0.867410161090465
2022-03-31,1.214,1.1897,2.0425317306884017
2022-04-01,1.202,1.1943,0.6447291300343272
2022-04-06,1.195,1.1662,2.4695592522723464
2022-04-07,1.17,1.1686,0.1198014718466478
2022-04-08,1.177,1.152,2.170138888888906
2022-04-11,1.146,1.1262,1.758124667021832
2022-04-12,1.129,1.1219,0.6328549781620563
2022-04-13,1.132,1.1436,-1.0143406785589448
2022-04-14,1.15,1.1181,2.8530542885251586
2022-04-15,1.122,1.1187,0.2949852507374784
2022-04-18,1.114,1.12,-0.5357142857142838
2022-04-19,1.129,1.145,-1.3973799126637543
2022-04-20,1.142,1.1346,0.6522122333862068
2022-04-21,1.148,1.1171,2.766090770745677
2022-04-22,1.126,1.0917,3.141888797288628
2022-04-25,1.094,1.1188,-2.216660707901319
2022-04-26,1.119,1.0761,3.9866183440200764
2022-04-27,1.088,1.0761,1.1058451816745585
2022-04-28,1.103,1.1215,-1.649576460098079
2022-04-29,1.118,1.0681,4.671847205317858
2022-05-05,1.128,1.0726,5.1650195785940545
2022-05-06,1.086,1.0695,1.5427769985974837
2022-05-09,1.07,1.0336,3.5216718266253944
2022-05-10,1.054,1.0468,0.6878104700038357
2022-05-11,1.059,1.0151,4.324697074179884
2022-05-12,1.021,1.0215,-0.04894762604015224
2022-05-13,1.041,1.0592,-1.7182779456193398
2022-05-16,1.054,1.0498,0.4000762049914286
2022-05-17,1.058,1.0698,-1.1030099083940925
2022-05-18,1.064,1.0154,4.786291116801267
2022-05-19,1.02,1.0127,0.7208452651328301
2022-05-20,1.022,0.9961,2.6001405481377304
2022-05-23,1.023,1.0119,1.0969463385710032
2022-05-24,0.999,0.9893,0.9804912564439494
2022-05-25,1.005,1.0043,0.06970028875832313
2022-05-26,1.013,1.0421,-2.7924383456482182
2022-05-27,1.044,1.076,-2.9739776951672847
2022-05-30,1.081,1.0651,1.4928175758144757
2022-05-31,1.072,1.0619,0.9511253413692522
2022-06-01,1.067,1.0585,0.8030231459612569
2022-06-02,1.06,1.0856,-2.358142962417087
2022-06-06,1.061,1.056,0.47348484848483974
2022-06-07,1.051,1.0684,-1.6286035192811799
2022-06-08,1.066,1.0622,0.35774807004331777
2022-06-09,1.06,1.0345,2.4649589173513897
2022-06-10,1.043,0.9978,4.529965925035073
2022-06-13,0.992,0.9581,3.538252791984142
2022-06-14,0.988,0.9598,2.938112106688884
2022-06-15,0.994,0.9821,1.2116892373485344
2022-06-16,0.991,0.9416,5.246389124893791
2022-06-17,0.982,0.9516,3.1946195880622197
2022-06-20,0.994,0.9493,4.708732750447697
2022-06-21,1.001,0.9747,2.6982661331691693
2022-06-22,0.992,0.9765,1.5873015873015817
2022-06-23,1.001,0.9891,1.2031139419674375
2022-06-24,1.01,1.0217,-1.145150239796422
2022-06-27,1.03,1.012,1.7786561264822254
2022-06-28,1.026,0.9809,4.597818330105019
2022-06-29,0.996,0.9848,1.1372867587327473
2022-06-30,0.99,0.9707,1.988255897805713
2022-07-01,0.984,0.9788,0.5312627707396711
2022-07-04,0.992,0.9777,1.4626163444819484
2022-07-05,1.002,0.9945,0.7541478129713397
2022-07-06,1.011,1.0019,0.9082742788701248
2022-07-07,1.024,1.0239,0.009766578767456124
2022-07-08,1.033,1.0246,0.8198321296115418
2022-07-11,1.023,1.0027,2.024533758851099
2022-07-12,1.011,0.9968,1.4245585874799183
2022-07-13,1.014,0.9931,2.10452119625415
2022-07-14,1.005,0.9991,0.5905314783304805
2022-07-15,1.018,1.0214,-0.33287644409634165
2022-07-18,1.043,1.0089,3.379918723362074
2022-07-19,1.027,1.0407,-1.3164216392812622
2022-07-20,1.056,1.0583,-0.2173296796749491
2022-07-21,1.065,1.0753,-0.9578722217055691
2022-07-22,1.072,1.057,1.4191106906338735
2022-07-25,1.059,1.0489,0.9629135284583867
2022-07-26,1.054,1.0287,2.4594147953728163
2022-07-27,1.053,1.0728,-1.8456375838926231
2022-07-28,1.071,1.0802,-0.8516941307165404
2022-07-29,1.098,1.0975,0.04555808656037108
2022-08-01,1.098,1.1006,-0.23623478102852147
2022-08-02,1.095,1.0986,-0.3276897870016393
2022-08-03,1.099,1.1273,-2.5104231349241557
2022-08-04,1.125,1.1325,-0.6622516556291425
2022-08-05,1.131,1.1227,0.7392892135031692
2022-08-08,1.13,1.1202,0.8748437778967944
2022-08-09,1.12,1.107,1.1743450767841113
2022-08-10,1.103,1.1388,-3.1436599929750675
2022-08-11,1.14,1.1284,1.0280042538106882
2022-08-12,1.131,1.1511,-1.7461558509252018
2022-08-15,1.15,1.1652,-1.3044970820460078
2022-08-16,1.167,1.1662,0.06859886811869664
2022-08-17,1.162,1.1503,1.0171259671389876
2022-08-18,1.146,1.1561,-0.8736268488885091
2022-08-19,1.148,1.1366,1.0029913777934052
2022-08-22,1.131,1.1102,1.87353629976581
2022-08-23,1.109,1.1132,-0.3772906934962239
2022-08-24,1.113,1.1169,-0.34918076819768773
2022-08-25,1.126,1.1345,-0.7492287351256177
2022-08-26,1.133,1.0895,3.992657182193682
2022-08-29,1.088,1.0882,-0.018378974453225894
2022-08-30,1.093,1.0748,1.6933382954968268
2022-08-31,1.082,1.0657,1.5295111194520095
2022-09-01,1.057,1.0675,-0.983606557377048
2022-09-02,1.071,1.0519,1.8157619545584147
2022-09-05,1.059,1.058,0.0945179584120881
2022-09-06,1.066,1.0505,1.47548786292242
2022-09-07,1.055,1.0758,-1.9334448782301727
2022-09-08,1.078,1.0806,-0.24060707014620375
2022-09-09,1.081,1.0973,-1.4854643215164498
2022-09-13,1.112,1.0494,5.965313512483328
2022-09-14,1.058,1.0645,-0.6106153123532132
2022-09-15,1.065,1.0474,1.6803513461905561
2022-09-16,1.041,1.0486,-0.7247758916650859
2022-09-19,1.041,1.0565,-1.4671083767155757
2022-09-20,1.059,1.0461,1.2331517063378206
2022-09-21,1.057,1.0337,2.254038889426324
2022-09-22,1.036,1.0273,0.8468801713228835
2022-09-23,1.032,1.0124,1.9359936783879927
2022-09-26,1.019,1.0137,0.5228371313011682
2022-09-27,1.04,1.0151,2.452960299477902
2022-09-28,1.027,1.0477,-1.9757564188221943
2022-09-29,1.043,1.013,2.9615004935834133
2022-09-30,1.028,0.9802,4.876555804937777
2022-10-10,0.996,0.9819,1.4359914451573585
2022-10-11,0.995,0.9762,1.9258348699037198
2022-10-12,1.004,0.9737,3.1118414295984387
2022-10-13,0.996,0.9988,-0.2803364036844225
2022-10-14,1.02,0.9667,5.513602979207621
2022-10-17,1.0,1.003,-0.29910269192421346
2022-10-18,1.03,1.0091,2.071152512139518
2022-10-19,1.025,1.0089,1.595797403112309
2022-10-20,1.012,1.0058,0.6164247365281428
2022-10-21,1.013,1.0319,-1.8315728268243125
2022-10-24,1.041,1.0444,-0.3255457679050222
2022-10-25,1.059,1.0734,-1.3415315818893214
2022-10-26,1.053,1.0363,1.6115024606774053
2022-10-27,1.044,1.019,2.4533856722276814
2022-10-28,1.013,1.0534,-3.835200303778241
2022-10-31,1.058,1.047,1.0506208213944657
2022-11-01,1.059,1.0336,2.457430340557254
2022-11-02,1.048,0.999,4.9049049049049165
2022-11-03,1.023,0.9843,3.931728131667178
2022-11-04,1.032,0.9933,3.8961038961039085
2022-11-07,1.022,1.0017,2.0265548567435454
2022-11-08,1.021,1.0105,1.0390895596239513
2022-11-09,1.023,0.9853,3.826245813457829
2022-11-10,1.011,1.0596,-4.586636466591187
2022-11-11,1.064,1.0574,0.6241724985814434
2022-11-14,1.053,1.0368,1.5625
2022-11-15,1.063,1.0511,1.1321472742840788
2022-11-16,1.067,1.042,2.399232245681371
2022-11-17,1.065,1.0476,1.6609392898052633
2022-11-18,1.059,1.0476,1.0882016036655173
2022-11-21,1.055,1.0424,1.208749040675361
2022-11-22,1.048,1.0568,-0.8327024981074849
2022-11-23,1.06,1.0659,-0.5535228445445184
2022-11-24,1.07,1.0658,0.39407018202288757
2022-11-25,1.074,1.0597,1.3494385203359327
2022-11-28,1.061,1.0505,0.9995240361732494
2022-11-29,1.06,1.0378,2.1391404894970156
2022-11-30,1.05,1.0818,-2.9395452024403856
2022-12-01,1.081,1.0731,0.7361848849128716
2022-12-02,1.074,1.0638,0.958826847151717
2022-12-05,1.065,1.0335,3.0478955007256836
2022-12-06,1.054,1.0172,3.6177742823436887
2022-12-07,1.041,1.0106,3.0081139916880995
2022-12-08,1.042,1.0215,2.00685266764562
2022-12-09,1.044,1.0119,3.1722502223539895
2022-12-12,1.033,1.028,0.4863813229571967
2022-12-13,1.045,1.0398,0.5000961723408137
2022-12-14,1.056,1.0275,2.7737226277372296
2022-12-15,1.043,0.9949,4.8346567494220505
2022-12-16,1.02,0.9875,3.2911392405063244
2022-12-19,1.021,0.9745,4.771677783478689
2022-12-20,1.007,0.9726,3.5369113715813194
2022-12-21,1.021,0.9857,3.5812113219032105
2022-12-22,1.023,0.963,6.230529595015577
2022-12-23,1.011,0.9662,4.636721175740011
2022-12-26,1.009,0.963,4.776739356178594
2022-12-27,1.018,0.9492,7.2482090181205105
2022-12-28,1.002,0.9371,6.9256215985487035
2022-12-29,0.997,0.9607,3.77849484750703
2022-12-30,1.005,0.9576,4.949874686716771
2023-01-03,1.007,0.9426,6.832166348398028
2023-01-04,1.005,0.9469,6.1358115957334425
2023-01-05,1.008,0.9296,8.43373493975903
2023-01-06,1.001,0.9539,4.937624488940129
2023-01-09,1.012,0.948,6.7510548523206815
2023-01-10,1.008,0.9569,5.340160936356986
2023-01-11,1.01,0.9721,3.8987758461063615
2023-01-12,1.017,0.9747,4.339796860572465
2023-01-13,1.014,0.9754,3.957350830428541
2023-01-16,1.013,0.9749,3.9080931377577066
2023-01-17,1.011,0.9845,2.6917216861350735
2023-01-18,1.014,0.9727,4.2459134368253215
2023-01-19,1.003,0.9636,4.088833540888315
2023-01-20,1.012,0.9906,2.1603068847163343
2023-01-30,1.042,1.0121,2.9542535322596652
2023-01-31,1.026,1.0282,-0.21396615444465583
2023-02-01,1.037,1.0493,-1.172210044791766
2023-02-02,1.062,1.0829,-1.930002770338901
2023-02-03,1.075,1.0669,0.7592089230480825
2023-02-06,1.072,1.0635,0.7992477668077314
2023-02-07,1.072,1.0869,-1.3708712853068294
2023-02-08,1.09,1.0659,2.2610000938174224
2023-02-09,1.079,1.057,2.081362346263016
2023-02-10,1.063,1.0527,0.9784364016338865
2023-02-13,1.058,1.0736,-1.45305514157974
2023-02-14,1.076,1.0804,-0.4072565716401244
2023-02-15,1.078,1.0934,-1.4084507042253391
2023-02-16,1.099,1.0737,2.3563378969917004
2023-02-17,1.07,1.0699,0.009346667912879525
2023-02-20,1.071,1.0667,0.40311240273740445
2023-02-21,1.068,1.0435,2.3478677527551506
2023-02-22,1.051,1.047,0.3820439350525229
2023-02-23,1.058,1.0564,0.15145778114351582
2023-02-24,1.061,1.0451,1.521385513348017
2023-02-27,1.055,1.0571,-0.19865670229873844
2023-02-28,1.057,1.0526,0.4180125403762114
2023-03-01,1.053,1.0353,1.7096493769921617
2023-03-02,1.037,1.0476,-1.011836578846903
2023-03-03,1.049,1.0676,-1.742225552641452
2023-03-06,1.075,1.0712,0.3547423450336096
2023-03-07,1.078,1.0592,1.7749244712990997
2023-03-08,1.067,1.0716,-0.42926465098919175
2023-03-09,1.074,1.0527,2.0233684810487373
2023-03-10,1.048,1.0371,1.0510076173946725
2023-03-13,1.052,1.0356,1.5836230204712143
2023-03-14,1.036,1.0549,-1.79163901791638
2023-03-15,1.062,1.0629,-0.08467400508043177
2023-03-16,1.067,1.093,-2.3787740164684323
2023-03-17,1.097,1.0821,1.3769522225302477
2023-03-20,1.086,1.0894,-0.31209840279051715
2023-03-21,1.096,1.1022,-0.5625113409544524
2023-03-22,1.114,1.0897,2.229971551803267
2023-03-23,1.101,1.0939,0.6490538440442339
2023-03-24,1.109,1.1007,0.7540655946216113
2023-03-27,1.12,1.0981,1.9943538839814146
2023-03-28,1.11,1.0927,1.5832341905372083
2023-03-29,1.112,1.1133,-0.11676996317253607
2023-03-30,1.124,1.1217,0.205045912454338
2023-03-31,1.133,1.1392,-0.5442415730337102
2023-04-03,1.145,1.1396,0.47385047385049006
2023-04-04,1.147,1.1342,1.1285487568329922
2023-04-06,1.132,1.1306,0.12382805589949974
2023-04-07,1.141,1.1302,0.9555830826402323
2023-04-10,1.135,1.1287,0.5581642597678682
2023-04-11,1.137,1.1233,1.219620760259943
2023-04-12,1.126,1.1129,1.1771048611735058
2023-04-13,1.121,1.1338,-1.1289469042158995
2023-04-14,1.13,1.1262,0.3374178653880122
2023-04-17,1.135,1.1309,0.3625431072596941
2023-04-18,1.134,1.1327,0.1147700185397671
2023-04-19,1.13,1.1355,-0.4843681197710281
2023-04-20,1.129,1.1247,0.38232417533563545
2023-04-21,1.123,1.127,-0.3549245785270605
2023-04-24,1.122,1.1252,-0.28439388553145317
2023-04-25,1.123,1.1073,1.4178632710196037
